,Job Name,Quality Score PSNR,Quality Score MSE,Probability PSNR,Probability MSE
0,SZ3-f -1 63866600 -M ABS 0.1,26.268442563309378,3.969387128796585,25.700035691848694,0.0010715104991511019
1,fqzcomp-Q 5,21.22167673179685,12.688200718372357,26.608032698076983,0.0008693541471083061
2,spring-c -l -q qvz 0.6,16.76377699301415,35.41522572048614,14.589015878126615,0.013838799340078055
3,spring-c -l -q qvz 0.8,19.253553184912633,19.962383515014107,14.904863637287662,0.012868076564505828
4,spring-c -l -q qvz 1,25.43627903538019,4.807727121844595,23.797669752434945,0.001660477613214613
5,spring-c -l -q ill_bin,27.971964900701394,2.6814593856569786,18.213187671026525,0.006007326448446212
6,SZ3-f -1 63866600 -M REL 0.1,26.160574238254345,4.069211747611428,40.39999859453875,3.63078172269227e-05
7,SZ3-f -2 152 420175 -M ABS 0.1,25.452254213471704,4.790074765213743,22.331199554800463,0.0023274483097305973
8,SZ3-f -1 63866600 -M REL 0.2,23.99506006566483,6.6997979695177134,23.07246837892691,0.0019622446881383047
